{
  "MASTERS": [
    {
      "name": "master-1",
      "id": "1",
      "ipaddr": "172.28.128.3",
      "user": "vagrant"
    },
    {
      "name": "master-2",
      "id": "1",
      "ipaddr": "172.28.128.4",
      "user": "vagrant"
    }
  ],
  "SLAVES": [
    {
      "name": "slave-1",
      "ipaddr": "172.28.128.5",
      "attr": "rack_id:1",
      "user": "vagrant"
    },
    {
      "name": "slave-2",
      "ipaddr": "172.28.128.6",
      "attr": "rack_id:2",
      "user": "vagrant"
    }
  ]
}